Business_Name,Business_URL,Business_Avg_Monthly_Sales,Business_Avg_Net_Revenue,Business_Sub_Start_Date,Business_Sub_End_Date,Subscription_Name,Subscription_Order_Max,Subscription_Monthly_Price,Subscription_Yearly_Price,Order_Total,Order_Subtotal,Order_Tax,Order_Shipping_Amount_Paid,Order_Shipping_Cost,Order_Product_Cost,Order_Total_Refund,Order_Creation_Date,Order_Fulfilled_Date,Order_Cancellation_Date,Order_Financial_Status,Order_Discount_Amount,Order_Discount_Code,Order_Country,Order_State,Order_Zip,Order_Address1,Order_Address2,Order_Billing_Country,Order_Billing_State,Order_Billing_Zip,Order_Billing_Address1,Order_Billing_Address2,Lineitem_Title,Lineitem_Sku,Lineitem_Gross_Revenue,Lineitem_Net_Revenue,Lineitem_Discount_Amount,Lineitem_Quantity,Linetem_Tax,Lineitem_Cost,Customer_Name,Customer_Email,Customer_Phone,Customer_First_Order_Date,Customer_Last_Order_Date,Customer_AVG_LTV,Customer_Address1,Customer_Address2,Product_Title,Product_Amount,Product_Cost,Product_Description,Product_Sku
Foster Ltd,http://green-valdez.info/,211998.37993768346,251228.79866941005,2023-06-17 00:00:00,2024-03-30 00:00:00,Ultra,257,50,600,93.32755784962578,90.24489039516646,19.678913011911472,15.325371214488088,2.4393885226231875,7.778983714914952,14.051554456665265,2023-02-24 00:00:00,2023-03-02 00:00:00,2023-03-10 00:00:00,Paid,7.5127292020602,personal,MK,Kansas,55572,355 Shelly Land Suite 162,Apt. 362,UZ,Minnesota,98704,858 Carmen Turnpike,Apt. 867,front,avoid,262.62121660447,261.50752752813946,17.05661366412955,1,6.782276398664642,29.86623953804137,Jaclyn Wood,thomasbrent@example.org,746-628-1938x33092,2020-10-27 00:00:00,2021-08-29 00:00:00,626.4864163016198,22202 Lewis Trace Suite 589,Apt. 295,usually,247.99846942600038,16.59947169865276,Law available pass play actually public people her college hotel.,spring
Miller Ltd,http://www.taylor.com/,924809.847542975,360336.9878382286,2021-08-18 00:00:00,2022-01-23 00:00:00,Standard,355,34,408,49.67629448430061,44.111371411924196,18.69626923241169,11.658686553184728,4.440605699842128,5.030664017491441,7.325773144447563,2020-04-02 00:00:00,2020-04-04 00:00:00,2020-04-14 00:00:00,Refunded,15.996482636752475,character,PH,New Jersey,11323,892 Daniel Circles Apt. 863,Apt. 650,LV,Wisconsin,49153,326 Jonathan Cape,Apt. 667,it,medical,55.76747468152563,47.187276395010684,15.60414426666915,2,9.78715251251473,14.362121661240725,Helen Montes,yblackwell@example.org,(514)212-8124x5580,2021-06-20 00:00:00,2022-03-03 00:00:00,1378.2372183393784,72117 Colleen Spurs,Suite 496,degree,458.206888259427,24.449224488178853,Whether region former well team any key including short American alone forward age.,trouble
Leon Group,http://crawford.org/,895739.3458069199,213640.9528621269,2021-08-14 00:00:00,2022-06-04 00:00:00,Premium,147,28,336,62.00854845847849,52.07507575870252,17.39818778949595,14.855941982787314,1.9447509207019453,8.482728803534261,0.551946958240237,2023-06-01 00:00:00,2023-06-05 00:00:00,2023-06-15 00:00:00,Pending,2.4953933506557324,two,KW,Massachusetts,18068,779 Joyce Spurs Apt. 051,Apt. 343,CU,Kentucky,04406,22194 Foster Brook Apt. 146,Apt. 127,act,wonder,247.3663070166718,240.1435958849948,28.263350772225056,5,7.626695169678117,12.515502523139666,Michelle Rodriguez,shawnbrown@example.com,362.732.9161x181,2020-02-28 00:00:00,2020-11-05 00:00:00,421.1793017891659,86986 Carrie Center,Suite 859,understand,10.592096359896896,9.828777937486237,Develop before language public contain tell to edge.,ask
Pearson LLC,http://www.fisher.com/,754400.055091202,419689.4372543204,2020-06-08 00:00:00,2021-06-04 00:00:00,Premium,147,28,336,27.089178072980747,25.50190477442668,20.603093705108908,10.290564631199622,1.0994237509941311,9.995710193365658,0.8532275642872311,2021-12-18 00:00:00,2021-12-23 00:00:00,2021-12-25 00:00:00,Refunded,7.047224335921902,according,SM,California,36361,80398 Christensen Gateway,Suite 038,ZA,Arkansas,83671,367 Dawn Stravenue Suite 269,Suite 259,guy,pick,242.0018488117029,233.55262723644918,21.976398830270043,1,5.109658031317793,20.50854619693783,Timothy Johnson,ann90@example.com,827.446.0803x6206,2022-05-08 00:00:00,2023-01-29 00:00:00,158.29764739934492,90436 Reid Ferry,Suite 085,network,259.20413052871055,29.1704115583684,Black rule collection white sign star.,why
Martin Inc,http://hoffman.info/,449958.5952406319,739294.8964320365,2020-11-18 00:00:00,2021-06-11 00:00:00,Ultra,257,50,600,41.21462933216074,37.19844235444374,7.2324120542104655,1.0626105144693665,0.14189151429367886,12.129566968146214,12.048875683944294,2022-07-14 00:00:00,2022-07-18 00:00:00,2022-07-19 00:00:00,Paid,15.199212699562068,include,AG,Rhode Island,66865,193 Moore Spur Apt. 410,Suite 825,KP,Idaho,78351,9185 Dean Highway,Apt. 807,story,beautiful,50.70531236218565,44.7292540625684,5.2158288693477095,5,3.321364706922977,8.689110615878674,Mrs. Ashley Howard MD,sara24@example.org,3292574806,2021-01-12 00:00:00,2021-08-13 00:00:00,518.8969711342353,2407 Gordon Way Suite 858,Apt. 004,group,238.2205895605066,27.39509593592419,Yourself everything exist decision her rest he.,different
Walker-Calhoun,https://lee.info/,615214.9708460785,206880.20029501742,2020-03-14 00:00:00,2020-05-20 00:00:00,Premium,147,28,336,64.14380341235696,56.413368847730204,17.43050808658311,10.362861097145286,1.5245077791686146,5.79319230207838,16.145957264987672,2022-05-25 00:00:00,2022-05-27 00:00:00,2022-06-06 00:00:00,Pending,7.304280160711285,throw,BG,Kansas,38679,627 Graham Prairie,Suite 722,NO,Kentucky,45466,95424 Martinez Skyway,Apt. 104,serious,attack,112.6842333696845,111.52013601455496,28.185612834356725,1,0.6016934430423015,25.76161857923837,Dominique Garner,justinweiss@example.net,+1-281-379-7821x867,2022-09-23 00:00:00,2023-06-28 00:00:00,1734.5713457857314,85893 Allen Circle,Suite 534,design,145.85985679667422,8.67852964316031,Work brother half success even current current best tend class there job.,nation
Thompson-Wilson,https://warner.com/,548459.6068071304,137860.97602382023,2022-03-28 00:00:00,2023-03-25 00:00:00,Standard,355,34,408,131.57318399566958,125.1719098529563,3.4970164663063263,9.585038197794272,4.837213573430682,12.537075910676377,18.03807775495041,2021-08-16 00:00:00,2021-08-23 00:00:00,2021-08-18 00:00:00,Paid,2.2788304380060564,name,GD,Alaska,40047,778 Nguyen Shore,Apt. 156,US,Missouri,53594,22769 Smith Rue Suite 291,Suite 129,wear,true,142.14346232960995,132.25588782739496,20.809096522640882,1,2.428973694959047,27.932016354530727,Nancy Townsend,james69@example.net,256.368.6868,2020-07-05 00:00:00,2021-01-22 00:00:00,1280.015063489392,34602 Medina Station,Suite 845,your,17.70764603857799,23.72139370452122,Chair notice bank million cover bring three.,others
"Ellis, Scott and Yu",https://garcia.com/,752241.496028738,755740.2003316296,2021-06-11 00:00:00,2021-09-24 00:00:00,Premium,147,28,336,73.88423831793762,72.68361001006122,4.7262250645789265,7.380514447283093,1.859370739600545,6.598664527224969,3.5935980124945854,2020-11-11 00:00:00,2020-11-16 00:00:00,2020-11-15 00:00:00,Paid,17.445114199675135,partner,SV,Kansas,80259,509 Tapia Island,Apt. 401,KW,Hawaii,35126,7885 Brittany Ranch,Apt. 646,meet,sister,47.344747492404444,43.23649280461077,14.921166526844127,1,4.967508953096776,12.770519100746693,Robert Dickerson,martinezdanielle@example.net,(389)945-7348,2023-05-30 00:00:00,2024-01-18 00:00:00,1555.644395347484,400 Mary Forges,Suite 437,sound,39.28000859232247,22.580076746859653,Speak few buy religious fire leave give realize direction.,smile
Moreno and Sons,https://www.wilson.com/,788863.3323987774,590724.57540703,2022-07-11 00:00:00,2023-01-03 00:00:00,Premium,147,28,336,199.67406558185513,199.63963209289463,7.569188661002726,13.590440551422017,0.16949564921706406,13.959837763983721,1.580117739645801,2021-11-07 00:00:00,2021-11-10 00:00:00,2021-11-15 00:00:00,Paid,15.218259887053446,century,BH,Wyoming,86937,7140 Heather Mall Suite 636,Apt. 763,VA,Missouri,51428,28634 Matthew Corners,Apt. 108,ahead,eight,25.029081370923016,21.252072974327362,4.7600324763846,2,4.168164131471848,5.970431701610636,Danny Sanders,carterbailey@example.net,7413189551,2020-12-19 00:00:00,2021-02-01 00:00:00,464.9865960591546,03246 Sullivan Summit,Apt. 353,little,309.76582962292605,10.996174016421069,It value where easy list debate interview man Republican.,animal
Anderson and Sons,http://wilson.org/,755975.4411631576,469513.81598401826,2020-04-03 00:00:00,2020-06-26 00:00:00,Premium,147,28,336,53.277627560290995,49.094506750349964,3.874652538640362,11.931205381488564,3.9347611834409952,12.32573291706103,1.1213394489487505,2022-12-20 00:00:00,2022-12-22 00:00:00,2023-01-01 00:00:00,Pending,1.2750171483611195,peace,KR,Mississippi,67776,007 Stokes Spurs Suite 749,Suite 672,GN,New York,29781,07545 Barton Groves,Suite 796,improve,trade,265.28108778328135,257.33164795715567,0.9999372564122211,4,7.325008111488565,11.932316594497879,Tina Kim,charlenejimenez@example.org,(248)285-7219x217,2020-07-26 00:00:00,2021-02-05 00:00:00,1793.6593449187574,6888 Petersen Fall,Apt. 569,perform,402.0789148409602,26.32401143152544,Control arm impact eight house whose financial simply perhaps.,history
"Rivera, Cook and Shannon",http://www.thomas-taylor.net/,584920.6745837684,625262.3811863961,2023-01-09 00:00:00,2023-05-26 00:00:00,Premium,147,28,336,62.95396303241154,58.255499168424464,23.489333392114556,18.65120180188131,0.6627684146512547,6.7206826004136,12.735234166656497,2020-03-01 00:00:00,2020-03-04 00:00:00,2020-03-03 00:00:00,Paid,17.513740303884543,several,CV,Nebraska,49503,5386 Faulkner Groves Apt. 201,Suite 932,DZ,Ohio,14798,025 Daniel Knoll Apt. 608,Apt. 938,be,marriage,164.23010537680892,160.93378921155158,21.845173045528906,3,4.755988653306831,13.842818544107292,Jessica Harvey,jessicafloyd@example.com,(900)367-8607x47178,2022-03-07 00:00:00,2023-01-15 00:00:00,274.8615731695443,8429 Walker Land,Suite 921,writer,395.4149895814863,7.38774888823903,Executive economic individual front kid newspaper decide turn state risk board task.,social
Hardy Group,http://moore-buchanan.com/,257066.78201326414,611972.9283132685,2020-07-14 00:00:00,2021-06-12 00:00:00,Standard,355,34,408,87.71906900919886,85.2858689369334,8.4670226583668,13.419189415856952,4.25122920433935,11.72997265275526,15.021305789158125,2022-08-17 00:00:00,2022-08-21 00:00:00,2022-08-24 00:00:00,Paid,6.012902669905841,herself,MU,Minnesota,50051,857 Reynolds Inlet Suite 660,Suite 372,IE,North Carolina,39440,1351 Duane Corner Apt. 858,Apt. 402,air,lay,208.57895895487727,204.0786422072566,4.0887884070530855,1,4.0662396397699805,29.18443120091613,Emily Thompson,joneslaura@example.com,+1-748-549-3950x776,2021-01-05 00:00:00,2021-09-23 00:00:00,1248.516125288155,822 Alex Stream Apt. 894,Suite 565,southern,413.0953573956031,17.705158334247763,Catch police benefit debate before summer weight leave reality protect family learn.,marriage
"Taylor, Martin and Hart",https://church.com/,117468.06273238518,203573.03509277917,2020-12-07 00:00:00,2021-03-06 00:00:00,Ultra,257,50,600,196.74586279002753,196.52008984843073,16.53448668341235,9.36997856505167,0.06614636548390784,9.092531783576941,10.03931704924887,2022-05-23 00:00:00,2022-05-27 00:00:00,2022-06-03 00:00:00,Refunded,11.0410313752501,candidate,BA,Oregon,44649,52350 Hodge River,Suite 471,PT,Georgia,95760,278 Michael Port Apt. 879,Apt. 950,trial,difficult,159.1235631759546,155.27917615048358,0.025257323707705837,1,2.2641453449288997,26.69353785887253,Mary Jordan,ywhitaker@example.com,001-485-556-9666x486,2020-05-08 00:00:00,2021-04-10 00:00:00,143.0042434090759,2546 Peter Spur Apt. 403,Apt. 312,book,439.3478603676666,15.470319206086263,Population issue while say debate under.,open
Rodriguez PLC,https://smith.org/,262261.86196506757,237632.0816006074,2021-09-14 00:00:00,2022-06-21 00:00:00,Premium,147,28,336,99.74497614253414,97.95953785891135,16.340458009005165,0.13461420838084548,1.6945581927076492,10.441485804826955,14.722108468204247,2020-01-20 00:00:00,2020-01-26 00:00:00,2020-01-22 00:00:00,Paid,17.903558697329775,day,CM,Illinois,04074,168 Michael Creek,Apt. 148,ZM,Colorado,54118,01657 Pierce Path,Apt. 891,exist,program,209.89640854472282,206.51402659992175,28.940897302216648,2,7.9611610706079174,5.440073098817812,Rachel Smith,jasonmorris@example.com,(272)816-5825x0545,2020-02-21 00:00:00,2020-10-16 00:00:00,977.1815674271093,0447 Michelle Knoll,Apt. 101,gas,399.2393197219604,8.671600554545737,Town candidate suffer sound ask see nature price agency her card response.,wife
Cline-Freeman,https://hawkins-thompson.biz/,813552.2336677946,798602.2083263693,2021-11-18 00:00:00,2022-08-05 00:00:00,Ultra,257,50,600,180.1761486927624,176.79195186176196,5.771380565410816,10.280767410552754,4.423440139495737,11.965405324801457,16.278187422291822,2022-03-10 00:00:00,2022-03-12 00:00:00,2022-03-12 00:00:00,Refunded,6.664191044082406,food,VU,Vermont,31161,57204 Chelsey Loaf,Apt. 954,DM,Connecticut,17324,817 Beard Mount,Apt. 283,brother,star,214.48049894367745,214.2264014270072,0.41520879286494505,3,6.138418253047117,23.31665243018748,Richard Harmon,martinezsusan@example.org,5833898259,2020-08-13 00:00:00,2020-10-09 00:00:00,1873.295755102715,95743 Parsons Estate Apt. 165,Apt. 315,charge,322.2548336580177,22.428336004011204,Catch task interesting arrive as language.,nothing
Elliott and Sons,http://www.rodgers.com/,373285.80403167714,77780.15452806046,2021-10-18 00:00:00,2022-01-06 00:00:00,Ultra,257,50,600,53.667848347708095,51.45487253679064,3.3952777317005833,14.415616628400677,1.7613686425269854,8.204052082979274,9.591618123843435,2021-07-04 00:00:00,2021-07-08 00:00:00,2021-07-17 00:00:00,Paid,12.784497350874231,deal,VA,New Mexico,41010,91558 Sean Squares,Suite 887,MG,Connecticut,23005,8416 Lucas Trail Apt. 527,Suite 609,from,them,122.45230177221991,121.09075875743655,7.6236657008577176,5,2.7792632226983924,27.891502675165693,Maxwell Flores,keithpeters@example.net,(814)434-1097,2021-01-24 00:00:00,2021-06-13 00:00:00,895.4581237119196,76964 Philip Fields,Apt. 866,child,200.98387406288174,23.611996977925568,Increase chair plan listen business scientist with of section court save decide prevent.,trouble
"Blanchard, Gregory and Hess",https://www.reyes-lawson.com/,479942.15072142205,787776.429819377,2021-10-15 00:00:00,2021-12-12 00:00:00,Ultra,257,50,600,143.76814037669956,137.91719215878464,19.279786378978745,5.965329514260931,2.1637800739785824,14.34956055574673,17.27914888161616,2023-01-13 00:00:00,2023-01-18 00:00:00,2023-01-18 00:00:00,Refunded,13.229268232309401,several,TJ,Kansas,09986,61652 Meagan Motorway,Suite 424,BO,Illinois,21518,9968 Pace Summit Suite 812,Suite 537,poor,nearly,298.73872528520286,294.7789094730954,5.333406331967282,4,4.974781704516122,16.158156744221372,Steven Mccann,hector78@example.com,394.633.2315x9188,2023-05-23 00:00:00,2023-11-09 00:00:00,803.5583697852094,7947 Stephanie Ford Suite 019,Apt. 766,compare,334.10983560223184,14.544422630504407,Happy interesting practice then individual after official share center.,number
"Moore, Andrews and Moyer",http://www.jones.com/,768797.4901203983,69206.4739893247,2020-02-02 00:00:00,2020-09-06 00:00:00,Standard,355,34,408,23.668609505622676,19.246056404390593,29.977669452744077,14.30988333824694,4.879057980675807,9.725435213443507,8.703012654482391,2020-04-12 00:00:00,2020-04-13 00:00:00,2020-04-15 00:00:00,Refunded,18.530945762997177,machine,SO,Idaho,01653,05864 Rodriguez Green Apt. 488,Suite 310,CU,Florida,71671,206 Edgar Center,Suite 005,party,raise,18.300133592670058,9.615849496177962,19.546317432989042,4,0.8227119551605078,23.949689961299963,Carl Jackson,millerjennifer@example.com,618.606.8025x7233,2023-05-15 00:00:00,2023-10-19 00:00:00,818.3850163998205,630 James Motorway,Suite 583,international,179.71904929162872,10.870139381312693,Finish later open decision despite cup half have author then.,heavy
Webster-Smith,http://acosta-combs.info/,909342.5455658099,427299.7577089101,2020-09-14 00:00:00,2020-11-16 00:00:00,Premium,147,28,336,99.1813073677072,93.03621818754776,7.82610066820899,17.04895448244716,3.63436956021512,9.987594667737092,2.816859705497985,2022-08-26 00:00:00,2022-08-29 00:00:00,2022-08-29 00:00:00,Pending,15.661866674042457,minute,RU,Oregon,31390,193 Mason Pike Apt. 042,Apt. 232,CV,Ohio,64059,198 Taylor Spring Suite 360,Suite 655,Democrat,admit,201.43970774278372,193.90864515078204,29.917532852930083,2,1.7868032786622956,7.4101608548047855,Mrs. Lauren Baker,lauralewis@example.com,645-690-6537,2022-04-25 00:00:00,2023-04-17 00:00:00,884.5595234619054,136 Blair Drive Apt. 670,Apt. 065,situation,109.90365644540282,26.699379273082346,Color professional defense Democrat view animal none throw must camera.,Mr
Ramos-Rodriguez,https://www.schroeder-kim.com/,323319.90889463015,246646.76901087587,2020-12-29 00:00:00,2021-09-02 00:00:00,Standard,355,34,408,168.08212373924613,161.13791560115848,13.747914412892836,15.487986666587014,3.340252457999492,13.902267930048904,7.537541750256789,2023-04-17 00:00:00,2023-04-18 00:00:00,2023-04-29 00:00:00,Refunded,19.891603938767044,truth,LR,Michigan,07189,949 Davis Plains Suite 889,Suite 590,LK,California,08049,546 Robin Mission Suite 683,Apt. 336,test,often,209.18248617154134,202.4089026391834,14.211662688318714,2,0.5418390971979836,16.69650421305814,Ronald Guerra,onielsen@example.com,+1-393-372-4191x84663,2023-05-07 00:00:00,2023-11-03 00:00:00,236.95440518515284,78897 Dustin Land,Apt. 312,law,102.30192002398277,6.607528085625223,Happen five guy loss involve decision or.,development
"Payne, Mccarthy and Jones",https://www.martinez-lewis.com/,828192.216553412,615699.0821479058,2022-02-23 00:00:00,2022-10-11 00:00:00,Ultra,257,50,600,115.5514563636848,105.92111955840662,21.22037526057688,9.618013998106631,3.0553439988185294,12.82073625356956,4.9068865151097585,2021-12-18 00:00:00,2021-12-22 00:00:00,2021-12-21 00:00:00,Paid,5.3584377583366045,part,SE,Indiana,51945,279 Steve Walk Suite 700,Apt. 468,TN,Minnesota,57294,792 Heidi Station,Suite 563,if,marriage,278.9920640258101,275.9733785326387,14.054257689898547,4,6.207960984962309,17.298900856305007,Joseph Johnson,rebecca68@example.net,279-640-3850x7743,2022-12-06 00:00:00,2023-07-06 00:00:00,1532.638557411832,58748 Moses Harbor Apt. 602,Suite 882,always,484.91716378537984,19.601589725844462,Seven wait big news executive owner produce east painting.,within
Lee-Murphy,https://www.massey-smith.info/,742051.2554559086,96796.87107195257,2022-07-29 00:00:00,2023-03-25 00:00:00,Standard,355,34,408,54.753667442264515,50.371036651300535,27.797693448223637,15.122565183887819,2.4704416615660003,6.495142197988523,7.464422344945458,2021-01-19 00:00:00,2021-01-26 00:00:00,2021-02-01 00:00:00,Refunded,6.124947433001107,continue,GT,Kansas,96256,59023 Kristine Villages,Suite 551,AT,Pennsylvania,78506,807 Edward Ways Apt. 164,Suite 431,past,company,107.88969655113827,104.15335538076873,0.30980779663652425,4,0.9598565879279097,9.505893239474279,Kelly Madden,griffinjennifer@example.com,+1-424-901-3201x20313,2021-09-11 00:00:00,2022-05-16 00:00:00,1907.2660470138228,37138 Baldwin Mount Apt. 841,Suite 832,blood,476.6406859581731,13.503319881283614,In lawyer before politics environmental seem deep data head.,something
Gonzalez Ltd,https://anderson.com/,905170.5293393886,286089.75245386525,2023-07-24 00:00:00,2023-11-26 00:00:00,Ultra,257,50,600,41.154671479098816,34.43995960752785,22.378642212655887,10.613543481461713,3.1309569089311347,6.28964793874574,12.492004348401311,2021-09-25 00:00:00,2021-09-29 00:00:00,2021-09-28 00:00:00,Refunded,11.526837155646852,computer,PK,Florida,96927,807 Kenneth Fork Apt. 301,Suite 739,FI,Texas,44316,18191 Maria Oval Apt. 227,Apt. 276,answer,democratic,72.64668189870484,65.6737194662849,28.466442859202637,2,8.385655611403607,22.045565148129178,Jason Ball,john51@example.org,954.303.2653,2020-04-27 00:00:00,2020-07-18 00:00:00,1351.9574275518949,2734 Rosario Ford Suite 257,Suite 416,receive,194.57512462488208,24.12416581679256,South say option site fine building.,focus
Lane-Sanchez,http://bass.com/,219812.1399101933,187572.77135161287,2020-04-27 00:00:00,2021-01-17 00:00:00,Ultra,257,50,600,36.9726621132949,29.660343187220928,4.878631445339882,11.95791375883723,2.363549379768146,6.965766186338299,6.799680185718864,2022-04-24 00:00:00,2022-04-29 00:00:00,2022-04-25 00:00:00,Paid,5.2920843415180086,cup,SO,Wisconsin,32636,704 Jose Views Suite 362,Suite 601,ZM,Michigan,02767,66647 Thomas Alley,Suite 814,admit,light,232.56947332170208,227.86145994308848,19.939007615932645,5,0.1720205128962271,27.631168562109597,Stephanie Anderson,cgray@example.com,001-777-575-5021x33789,2021-08-17 00:00:00,2022-06-02 00:00:00,1001.0902258819578,380 Zimmerman Loop,Apt. 521,physical,25.311887493175753,20.500679129514268,Door car response seem successful few financial almost late least provide unit.,seek
Santiago LLC,http://www.blake.info/,249990.9489134134,180664.88237937016,2020-12-26 00:00:00,2021-06-20 00:00:00,Ultra,257,50,600,55.55560468823993,53.61893078987415,3.3282140611660194,4.811941707040086,1.344667002209043,11.451373174528591,6.544637100742971,2021-06-22 00:00:00,2021-06-26 00:00:00,2021-07-06 00:00:00,Refunded,17.93882559809488,show,AE,Rhode Island,29792,182 David Mount,Suite 925,GN,Mississippi,58719,7501 Leslie Mills Apt. 627,Suite 593,run,second,209.72023660526875,201.47790966573137,27.838259376944066,3,5.4114049964377955,25.63639803178021,Lisa Myers,connie91@example.com,5117140930,2023-05-16 00:00:00,2023-07-16 00:00:00,1554.0651220310667,7203 Jeffrey Mill,Apt. 520,stand,381.0045311330021,18.61538273439899,Town television everything plant well strong Republican understand thousand traditional international our.,too
"Perez, White and Abbott",http://hernandez.com/,193953.1380306751,86705.47969005264,2020-01-09 00:00:00,2020-07-13 00:00:00,Standard,355,34,408,185.8548431087353,184.30350643184966,24.361798052639518,3.730260217566901,0.5942117694631338,12.84338900641589,1.2107355208364523,2020-08-12 00:00:00,2020-08-14 00:00:00,2020-08-17 00:00:00,Refunded,10.785564823762186,experience,NO,Delaware,67962,7169 Donald Valleys,Suite 773,LR,Connecticut,83881,2554 Robert Springs Suite 310,Suite 455,rock,lay,248.00122073451473,245.6087792559454,1.8953742062893064,1,3.668886435985017,16.032967723825365,Stacey Trevino,jwilliams@example.net,(760)858-4226,2022-12-28 00:00:00,2023-11-04 00:00:00,1397.694057489524,943 Smith Stream Apt. 825,Apt. 575,example,330.2535188610042,29.088850750074126,Pressure training happy likely again your these.,east
"Williamson, Wilson and Brewer",https://pruitt.com/,946683.3788401836,482083.876853675,2022-10-17 00:00:00,2023-01-25 00:00:00,Premium,147,28,336,161.3743757158782,154.8779051591246,7.761371524976461,7.700517525633934,3.6536707240762296,5.6592388717042255,0.4782094342782717,2021-06-08 00:00:00,2021-06-14 00:00:00,2021-06-16 00:00:00,Paid,10.852758880873255,often,LA,Rhode Island,51899,620 Susan Cove Suite 218,Apt. 017,AF,Michigan,48876,675 Lee Keys,Suite 447,possible,worry,143.45229495581728,140.7520477318045,19.70814836910192,4,5.7260299543587845,20.646042781922134,Sara Torres,elizabethshepherd@example.com,829.869.9370x508,2020-04-08 00:00:00,2021-04-02 00:00:00,228.52544084503407,56347 Lloyd Knolls,Apt. 984,treat,149.54069340406053,15.413674034843517,Whether address whom whole coach form arrive the.,clearly
Jones and Sons,https://www.dillon-cline.com/,633378.5115710498,697133.560435194,2020-08-20 00:00:00,2021-08-04 00:00:00,Ultra,257,50,600,170.77925151075445,167.14443856072947,21.459227361421117,14.613220406514877,2.871888775539571,5.4208745573664805,15.693514593155879,2022-04-21 00:00:00,2022-04-23 00:00:00,2022-04-27 00:00:00,Paid,11.259659992913313,first,TH,Virginia,44661,310 Joseph Plaza,Apt. 927,GH,North Carolina,47573,682 Janet Flat,Suite 611,similar,phone,71.46636325491804,70.93522999313055,13.687829871579133,3,2.163104161957552,13.779117645205995,Robyn Jones,bellpaul@example.net,(223)997-4966x0372,2021-10-14 00:00:00,2022-08-17 00:00:00,555.6404791364024,93856 Pena Shores,Suite 586,seat,457.50489821791024,22.309001348324298,Adult performance degree city size whatever type factor.,Mr
Smith-Coleman,https://case.com/,413962.18994590477,753929.7972996669,2022-02-04 00:00:00,2022-11-01 00:00:00,Standard,355,34,408,67.47958112169185,57.79826855648518,27.28885411808521,2.545084405790232,4.0524359575663595,6.465346258273331,1.250761060858241,2021-10-16 00:00:00,2021-10-21 00:00:00,2021-10-28 00:00:00,Paid,0.171265697822387,conference,FI,Georgia,85048,3077 Anthony Turnpike,Apt. 671,SN,New Jersey,51514,4370 Lopez Lodge Apt. 306,Suite 447,sport,stand,25.370610424373325,16.091090293295856,28.631753685477992,4,3.8173460383535285,19.8323962039979,Craig Barnes,iyork@example.net,735-623-4328x9703,2023-05-12 00:00:00,2023-05-18 00:00:00,1607.827807768078,370 Mark Parkways Apt. 806,Suite 386,actually,210.4534777571137,10.301945362960694,Shake we heart threat condition respond paper many bring north yes.,change
Wilson-Wilson,http://www.porter.com/,485635.04355247534,678816.5335815393,2023-07-21 00:00:00,2024-07-11 00:00:00,Standard,355,34,408,111.22743753644342,108.26683048353259,23.448158026979165,14.828691497824877,3.780337288297658,7.266552662028468,0.18085057106434155,2022-08-07 00:00:00,2022-08-13 00:00:00,2022-08-15 00:00:00,Refunded,9.35376531638405,attack,ST,Alabama,70005,1776 Sarah Prairie,Apt. 445,IS,Wyoming,78562,38286 Christian Ridge Apt. 495,Suite 970,there,word,249.91308540465326,245.57758833637965,29.097715339289874,4,7.789911444296916,14.448602414780204,Laura Robinson,taramann@example.net,276-879-7107x168,2021-07-29 00:00:00,2022-06-17 00:00:00,766.1180803667064,1969 Frances Keys,Suite 776,news,410.79467857572894,17.442804506379243,Beyond wear represent assume happen physical know.,environmental
Murphy Ltd,http://www.may-king.com/,392889.9281483781,639573.8517525073,2020-03-18 00:00:00,2020-11-11 00:00:00,Premium,147,28,336,193.07366433828102,184.5305557099788,4.901730783532191,10.087718021233332,0.38409076795988484,14.654081972157035,11.086133344892946,2020-05-06 00:00:00,2020-05-08 00:00:00,2020-05-15 00:00:00,Pending,11.846381828924713,evidence,KG,Tennessee,31321,797 Sanford Heights,Apt. 519,LK,Virginia,54269,05046 Jones Estate Suite 245,Apt. 899,heart,culture,153.9730490799944,145.45030271901211,2.5902321622983404,4,2.6304222553608794,22.137016672304092,Holly Cruz,darin38@example.net,537.708.1489x798,2021-10-24 00:00:00,2022-07-06 00:00:00,1531.8562937882198,8808 Stephanie Points,Apt. 659,sea,97.36091324881413,18.2760363723853,Fill often vote eat either far serve fund front market strategy.,just
Smith-Ortiz,http://www.larsen-young.com/,262175.0191769012,205674.41584528366,2023-03-23 00:00:00,2024-03-06 00:00:00,Standard,355,34,408,143.21682915233973,141.98309190513842,28.28954144508601,8.218054161959426,4.539453324807777,12.794278081066441,1.4235782308130585,2021-01-08 00:00:00,2021-01-12 00:00:00,2021-01-17 00:00:00,Paid,1.8195827608898996,media,UG,New Mexico,18047,00724 Campbell Trace Suite 679,Suite 055,EC,Arkansas,04400,59877 Suzanne Common Suite 470,Apt. 086,agency,present,70.167551435863,68.69119700969816,8.742843222248789,3,3.6159452192825503,22.769266747087713,David Mclaughlin,nathan98@example.org,+1-493-683-4753x41694,2022-07-30 00:00:00,2023-04-05 00:00:00,1245.0762960177678,58770 Stephanie Mountain Apt. 844,Apt. 838,protect,152.67977251838278,21.983219585882292,Race country pull outside newspaper history arm past maintain.,person
"Dennis, Thompson and Mitchell",https://www.porter.biz/,983465.4118353038,609570.4187945342,2020-09-29 00:00:00,2021-08-05 00:00:00,Premium,147,28,336,14.0732529775031,7.535242450125544,21.681433661434262,19.244660587382786,1.7472945821188053,7.653523884903115,14.195189415996172,2020-07-04 00:00:00,2020-07-07 00:00:00,2020-07-09 00:00:00,Refunded,9.110581877337145,floor,EG,Maine,82133,0218 Ronald Cliffs,Suite 647,AU,Arkansas,19614,43089 Samantha Lane Apt. 549,Suite 769,relationship,girl,252.87979072874833,248.53543244500833,0.1491978927253068,2,9.587209235190176,5.432966557397515,Shawn Cuevas,twilson@example.org,7804476803,2020-11-08 00:00:00,2021-01-26 00:00:00,883.3218204678884,86296 Elizabeth Mission Suite 510,Apt. 149,final,216.94268729295854,21.274263585084086,Everyone media camera since fill claim movement matter contain some.,way
Bailey-Stephens,http://www.guzman.net/,899822.355867531,640561.0342213749,2023-03-19 00:00:00,2023-09-11 00:00:00,Ultra,257,50,600,194.593036255549,190.41489893246583,25.39722246946463,8.589636980831008,1.334886682454643,6.325047731798971,14.255483808170615,2020-10-03 00:00:00,2020-10-10 00:00:00,2020-10-13 00:00:00,Pending,4.656147588677888,left,PE,Vermont,84485,5736 Harper Island Apt. 267,Apt. 999,KM,Wisconsin,21217,9937 Thomas Manor Suite 572,Suite 456,try,carry,188.02921695702778,179.70220623234005,8.762000289735207,3,8.463133049791121,16.53985009927075,Elizabeth Cooper,gmcintosh@example.net,001-822-593-7022x55748,2020-05-12 00:00:00,2020-11-07 00:00:00,1927.5386951746532,35510 Ford Drive,Apt. 649,huge,418.5416123242785,25.591307203505636,Culture southern especially brother trip return production actually decision voice a officer design.,others
Cooper PLC,http://www.anderson.biz/,313636.91357738705,620521.7276778308,2023-03-04 00:00:00,2024-02-16 00:00:00,Ultra,257,50,600,81.38681971295998,72.87303021932165,6.734365484221351,6.037409391503196,2.315358756823443,13.73593234366604,7.930083586016831,2021-06-20 00:00:00,2021-06-24 00:00:00,2021-06-24 00:00:00,Refunded,3.2601494041349843,eat,ER,Minnesota,18274,8162 Maria Manor,Suite 767,SK,Maryland,87592,8498 Cook Mount,Suite 010,old,goal,86.66872668032269,81.47967547362518,25.26097636016165,1,1.6825900992792975,22.64535314724176,Jason Baker,kelly44@example.com,(898)640-8174,2020-04-02 00:00:00,2020-08-07 00:00:00,761.9459885207675,8985 Simon Lodge Suite 363,Apt. 022,very,98.17252944604546,26.534538169453576,Of feeling experience simply just lot believe project.,story
Mcmahon-Johnson,http://www.braun.org/,53916.33019668373,794088.1274195438,2022-10-05 00:00:00,2023-02-28 00:00:00,Ultra,257,50,600,181.83817476336074,181.53070275876934,17.61937667441397,2.8234854422627342,1.7436894299419703,6.521093060477914,4.536821024074782,2021-07-10 00:00:00,2021-07-14 00:00:00,2021-07-22 00:00:00,Refunded,17.357373939852977,forward,RU,Arkansas,02775,827 Clayton Lights Suite 035,Suite 475,MZ,Rhode Island,06114,8287 Nelson Cape,Suite 207,kid,ready,20.945809675720085,20.43795428374211,25.994713734785776,4,2.644148160871671,13.300041334650036,Kelsey Bowman,christopherpowell@example.net,(922)701-2235x648,2023-04-09 00:00:00,2023-06-19 00:00:00,213.44844614102146,186 Ashley Fort Suite 278,Suite 616,him,123.11603555839318,27.883360216920288,Itself individual data space affect half necessary easy record.,watch
"Cummings, Velez and Strickland",https://www.miller.biz/,841363.0208361998,718929.3519976866,2023-05-20 00:00:00,2023-08-19 00:00:00,Standard,355,34,408,46.936693547165014,44.96185601264025,26.11311673024428,1.9706436464932997,2.944144412590393,10.132517072969383,13.825386882884976,2020-04-26 00:00:00,2020-04-28 00:00:00,2020-05-01 00:00:00,Refunded,5.098039393828728,information,AL,New York,78608,461 Dougherty Wells Apt. 824,Suite 385,TD,Tennessee,73139,641 Lee Square,Suite 559,record,series,89.04459229763923,88.03954035193279,15.984880867923078,4,7.532270789135239,18.36020800682264,George Haas,david20@example.com,464.824.4403x2632,2021-11-22 00:00:00,2022-04-13 00:00:00,439.5890416271031,693 Herrera Orchard,Apt. 174,whatever,285.6712906602303,23.273284005182806,Skin although quickly explain me only system too hundred gas couple young six.,maintain
Shannon Inc,https://www.griffin-benson.net/,401312.99380193074,584194.4541558614,2021-10-13 00:00:00,2022-05-13 00:00:00,Premium,147,28,336,128.49872337030888,121.51987669301958,28.549974990789337,19.486179623823116,0.28984169805811144,8.43583414354269,14.778427303990743,2021-08-08 00:00:00,2021-08-14 00:00:00,2021-08-16 00:00:00,Pending,1.9384066578770742,major,CO,Nevada,96993,7976 Thornton Extensions,Suite 327,TL,Oklahoma,63337,260 Erica Extension,Suite 112,ground,you,190.44009463635822,187.03252083612924,4.444114058355391,3,2.225110756812958,15.324424004771258,Cheryl Carney,judywalker@example.org,(267)382-8580x50032,2022-01-04 00:00:00,2022-05-12 00:00:00,862.5724234248628,571 Gerald Key,Suite 996,big,71.75145211957607,27.089845725629967,Technology property like plant possible would manager else but five address.,go
Rodriguez-Contreras,http://garza-pitts.com/,304732.62948334595,524626.1469442379,2022-11-16 00:00:00,2023-03-13 00:00:00,Premium,147,28,336,147.41117626117259,146.99878698407403,10.704329136741105,10.267163232734074,0.43852833582153083,12.86730499111258,16.12886998705864,2020-12-05 00:00:00,2020-12-12 00:00:00,2020-12-12 00:00:00,Paid,8.09867142289443,evidence,CL,South Carolina,65817,891 Cameron Cove,Suite 750,JP,New Hampshire,05585,497 Foster Estates Suite 616,Suite 035,commercial,dog,157.67806618769885,148.18112264107182,28.737485964996416,5,1.0617685574215896,7.0258404047189735,Jacob Ramsey,brandy77@example.org,(770)545-3060,2022-12-18 00:00:00,2022-12-28 00:00:00,1016.4793099887011,22287 King Camp,Apt. 389,data,319.6739021316111,16.009445349302297,Thus boy president option good certainly not remain we.,local
"Davis, Edwards and Carroll",https://www.johnson.net/,253791.19087080448,753875.5874426006,2020-05-17 00:00:00,2020-11-02 00:00:00,Premium,147,28,336,82.8071573787868,72.93400836592996,13.630197182005329,13.765581146549819,4.533450696201821,14.035945840439648,14.452967003813303,2020-11-14 00:00:00,2020-11-18 00:00:00,2020-11-15 00:00:00,Pending,1.2096229364076794,movement,ME,Utah,68776,714 Wang Fords Suite 615,Suite 983,TJ,Louisiana,06326,99049 Kimberly Fields Apt. 699,Suite 349,return,century,100.96408536268679,92.13797152062997,8.278743414253851,4,2.5593066868428824,12.886305549133965,Jose Martin,paul62@example.org,+1-314-503-2268x577,2023-01-20 00:00:00,2023-09-20 00:00:00,615.174318619769,165 Burgess Fords,Suite 955,detail,260.17063911146556,7.1378465089666285,Allow image nearly each hundred back sometimes.,set
Wilson-Vargas,https://www.sampson-smith.com/,538654.3252394844,396382.1395121155,2021-04-05 00:00:00,2021-12-03 00:00:00,Standard,355,34,408,136.20140217261564,129.37273257750462,27.246928787503464,16.79938257642376,0.9250486031455174,7.752778329160208,0.8827198876180065,2022-11-12 00:00:00,2022-11-16 00:00:00,2022-11-26 00:00:00,Paid,3.7376264634370227,guess,IT,Tennessee,06165,08190 Rice Inlet,Suite 445,BJ,Alaska,50394,9212 Jackson Groves,Apt. 038,dog,enough,136.29367902403337,135.7377822550821,4.70741915890446,4,6.055492244247551,20.65150941140504,Eric Lee,castillopamela@example.org,851-359-1052,2021-07-14 00:00:00,2021-12-20 00:00:00,178.03689015945665,279 Lauren Road,Suite 658,save,132.1599623808699,29.72892614319628,Enough provide cup area itself without ready candidate late.,gas
Ortega-Coleman,http://www.mason.com/,158416.45552248615,724472.9710828789,2022-09-02 00:00:00,2023-03-13 00:00:00,Ultra,257,50,600,102.42347310554884,99.60639822209188,6.939206133477892,7.1889410009316475,4.106414426189172,14.989883101812918,9.870032130233557,2023-04-07 00:00:00,2023-04-14 00:00:00,2023-04-08 00:00:00,Refunded,16.956978957855306,dog,BN,Arizona,47704,63501 Sanders Knolls,Suite 422,MM,Indiana,08358,2009 Stokes Throughway Suite 634,Apt. 092,major,maybe,297.38353243298764,292.3268841972776,29.878874815907956,4,8.877321609056311,22.81139597646937,Evan Hatfield,andrea56@example.com,8216727499,2022-07-15 00:00:00,2023-03-29 00:00:00,250.60735326625587,954 Travis Expressway,Apt. 638,young,463.6100296445585,5.103012883950984,Dark community conference successful out someone site network walk drug.,enough
Gordon-Hernandez,https://www.dickerson.com/,241005.42304835664,663872.0625580829,2021-02-09 00:00:00,2021-09-09 00:00:00,Ultra,257,50,600,156.81272544659038,147.4666723179777,4.872011679317633,10.79849799010475,3.770094645917407,10.726655908894527,8.835719775229066,2022-04-29 00:00:00,2022-05-02 00:00:00,2022-05-09 00:00:00,Paid,7.816244931212792,stage,TH,South Dakota,89530,8982 Osborn Inlet Apt. 157,Apt. 097,BY,Alabama,88862,03468 Laura Garden Apt. 593,Suite 746,choose,ability,201.73692845710931,198.08307045256296,20.75843724735627,3,2.1427360408863985,19.768587544765168,Kevin Medina,robert32@example.com,557.904.0601,2020-12-25 00:00:00,2021-02-18 00:00:00,920.8558498163455,522 William Junction Suite 067,Suite 629,attorney,130.5958122156681,27.225634035359462,Consider popular both ago at on financial especially onto soon our grow.,usually
Ramirez-Kent,https://henderson.com/,803391.3131088701,108585.62313885063,2021-05-09 00:00:00,2021-07-22 00:00:00,Ultra,257,50,600,62.55504681647912,59.95940276139507,13.7360096672874,15.020339700505883,3.056837135685673,5.2967617421340805,19.488983868552687,2020-12-15 00:00:00,2020-12-20 00:00:00,2020-12-18 00:00:00,Refunded,5.587129974109393,past,MX,Florida,50369,491 Michael Extension,Apt. 946,GQ,Maine,53735,23636 Laura Divide Apt. 015,Apt. 732,nearly,day,83.05793979084929,77.8288673110444,23.63216540245533,1,3.205505570312095,19.516012407496355,Roger Mills,brettpeterson@example.net,001-302-429-4920x008,2021-09-10 00:00:00,2022-04-30 00:00:00,959.8405726695885,2646 Stacey Via,Suite 707,nothing,398.5080399614511,18.93372624046477,Assume common drop free body their play whose beyond interview.,bag
"Rivera, Spencer and Thornton",http://www.taylor-soto.com/,199914.36849625115,606058.666720468,2023-07-21 00:00:00,2023-10-13 00:00:00,Premium,147,28,336,10.922896580022485,8.33570900710966,10.874358320762159,6.672081920711932,1.9889296993037342,12.48261873067143,3.8778593312548404,2022-07-05 00:00:00,2022-07-11 00:00:00,2022-07-06 00:00:00,Paid,5.3666431644605606,situation,LC,Washington,38038,96664 Cheryl Drive,Suite 001,GE,Georgia,44405,875 Christopher Mission,Apt. 674,feeling,discuss,109.5465882176153,105.6088578845918,15.648155015196167,2,8.461387039199211,7.803921803453396,Robert Flores,cthompson@example.net,938-636-5636x09920,2022-12-26 00:00:00,2023-01-10 00:00:00,1769.8229504879246,010 Holloway Glens Suite 191,Suite 688,my,301.95194348959944,24.591476281373957,Plant medical bar range require statement range imagine cover.,grow
Fernandez Ltd,https://www.hernandez.info/,70109.4625265508,481051.7597670433,2022-06-26 00:00:00,2023-03-23 00:00:00,Standard,355,34,408,46.35535026801537,39.898217635712136,5.653572075750265,14.473423926414997,2.7654773493230373,13.577150395178911,14.013382300844698,2021-05-22 00:00:00,2021-05-26 00:00:00,2021-05-29 00:00:00,Refunded,5.350338268022037,couple,KZ,Vermont,42420,80236 Peter Locks,Suite 245,SY,Washington,26859,16052 Carrillo Avenue,Suite 319,sort,up,209.81769470872328,204.57100009911528,8.81328189388171,4,5.4061694738625405,20.92702464411284,Linda Lindsey,jonathanglass@example.net,534-762-7565,2020-07-22 00:00:00,2020-10-26 00:00:00,470.0330564273331,65181 Heather Flats,Suite 024,probably,383.15778192785217,26.056372550938466,Teacher beat economy out want thank affect quality none skin hundred.,data
Carrillo-Barrett,http://skinner.com/,409659.20682828705,468754.0858268355,2021-12-01 00:00:00,2022-08-29 00:00:00,Premium,147,28,336,30.596132994839255,28.166526899215317,19.99631423974827,15.93203141414275,1.8471466017970002,6.404360261840822,13.650260015791577,2022-08-13 00:00:00,2022-08-17 00:00:00,2022-08-21 00:00:00,Paid,13.035119520835662,never,TJ,Arkansas,59175,7478 Sophia Trail Suite 886,Suite 788,ZA,North Dakota,01268,07938 Madison Glen,Apt. 271,indicate,into,136.39582388490265,126.50243456553875,17.23878854210336,4,4.700270256787904,7.9553126866609185,Kent Alvarado,pricealexis@example.org,583.658.1282x38682,2023-07-21 00:00:00,2023-12-09 00:00:00,568.3714346546743,06599 Zimmerman Harbor,Apt. 680,speak,76.32597154048645,23.542956232727526,Responsibility sport eye idea power cultural several.,case
Phillips-Briggs,https://www.gordon.info/,76314.12982490026,105774.0800199737,2020-05-06 00:00:00,2021-04-01 00:00:00,Standard,355,34,408,35.14722242903856,28.196467741052935,5.465956739177241,5.33982948264166,4.000909258023796,10.97191502811187,13.263062107757959,2020-07-19 00:00:00,2020-07-25 00:00:00,2020-07-20 00:00:00,Pending,19.45236773281508,sort,JP,Texas,01987,39071 Benjamin Ford Suite 671,Apt. 102,JO,Louisiana,10347,60494 Costa Port,Apt. 342,they,present,42.23854373929093,36.728153851484194,24.57974083664486,1,5.25285878929288,27.78291159172971,Corey Malone,rcampbell@example.org,5793965465,2022-11-13 00:00:00,2023-04-03 00:00:00,594.7801305267124,758 Richard Alley,Suite 661,fine,111.28756222516954,23.85673177782651,Maybe increase recent every point modern garden there indicate discuss.,him
Smith-Garcia,http://www.romero-brooks.com/,99028.46072920688,695040.6826469264,2020-07-11 00:00:00,2020-10-18 00:00:00,Standard,355,34,408,26.898202940855143,24.33475955432292,24.41102327639684,19.962909422589423,3.9243349980079545,14.670907469505627,16.26168002528681,2021-08-13 00:00:00,2021-08-19 00:00:00,2021-08-15 00:00:00,Paid,9.598493059026234,prevent,SB,Wisconsin,21280,0816 Sophia Extensions,Apt. 134,KZ,Missouri,05500,4431 Cortez Heights,Apt. 432,reflect,look,248.3769763603093,244.110498754652,6.076598015336944,4,7.589349463382035,11.271592377749297,Justin Johnson,ldouglas@example.net,+1-825-536-7136,2023-02-26 00:00:00,2023-05-28 00:00:00,860.2795252996083,4365 Mark Lodge,Apt. 979,still,92.96238917244295,29.40576950435126,Realize industry manage agree lose who.,term
Cox Ltd,http://www.thomas-daniels.net/,415443.14075091825,177093.2122011767,2023-07-16 00:00:00,2024-06-10 00:00:00,Premium,147,28,336,54.92609813243644,47.476537923005935,1.1586312973757773,12.690843905496083,3.6286254788403207,13.579453366831178,16.77449196157282,2022-09-05 00:00:00,2022-09-12 00:00:00,2022-09-12 00:00:00,Paid,10.032738162521206,create,NE,Idaho,73804,020 Joel Way,Suite 876,ES,Kansas,95788,79733 Norman Islands Suite 390,Suite 961,scientist,treatment,220.10803563826727,214.51761434068413,20.74667252889378,5,9.71762546449506,23.05813750296874,Patricia Rosario,ericmiller@example.com,001-678-454-9389x689,2021-04-06 00:00:00,2021-10-14 00:00:00,1995.1417219639509,03901 Stewart Streets Apt. 274,Apt. 420,nature,306.17333395014447,27.90828211939622,Else least situation before recognize four police reach visit threat property my responsibility.,any
