customer_id,name,email,phone,created_at,updated_at
1,Andrea Edwards,bryantsusan@example.net,001-687-770-7160x041,2021-08-01 00:00:00,2023-08-09 18:01:10.888725
2,Audrey Smith,tjuarez@example.com,(769)576-3701x38827,2023-05-21 00:00:00,2023-08-09 18:01:10.888725
3,Bernard Washington,gregory23@example.net,(263)939-8532x511,2020-07-03 00:00:00,2023-08-09 18:01:10.888725
4,Bradley Williams,ogrant@example.com,5523363609,2023-05-01 00:00:00,2023-08-09 18:01:10.888725
5,Brandon Sanchez,tcruz@example.com,370.813.8499x46082,2021-10-27 00:00:00,2023-08-09 18:01:10.888725
6,Brenda Washington DVM,tinacharles@example.com,867.204.1479x6031,2020-01-19 00:00:00,2023-08-09 18:01:10.888725
7,Carl Ortiz,zcooper@example.org,+1-411-544-7021x45355,2021-07-09 00:00:00,2023-08-09 18:01:10.888725
8,Cathy Soto,kennethkeith@example.net,533.778.0117,2021-04-21 00:00:00,2023-08-09 18:01:10.888725
9,Charles Cummings,zjohnston@example.org,881-921-0027x83174,2020-01-24 00:00:00,2023-08-09 18:01:10.888725
10,Cheryl Taylor,blong@example.net,488.727.0987x70146,2021-02-23 00:00:00,2023-08-09 18:01:10.888725
11,Christina Rowe,jennifermclaughlin@example.com,6276026922,2021-09-06 00:00:00,2023-08-09 18:01:10.888725
12,Christopher Alvarez,nhardin@example.com,639-658-6471x9709,2021-09-10 00:00:00,2023-08-09 18:01:10.888725
13,Christopher Hernandez,samuel01@example.org,645-625-6324x72784,2021-10-12 00:00:00,2023-08-09 18:01:10.888725
14,Cynthia Alvarado,david59@example.net,(244)593-1798x9929,2020-08-28 00:00:00,2023-08-09 18:01:10.888725
15,Dale Huerta,ypowers@example.org,857-861-2112x01866,2021-03-20 00:00:00,2023-08-09 18:01:10.888725
16,David Green,graychase@example.org,001-666-430-7591x949,2023-05-01 00:00:00,2023-08-09 18:01:10.888725
17,David Scott MD,kathleensimpson@example.net,432-462-8389,2022-03-21 00:00:00,2023-08-09 18:01:10.888725
18,Donna Brown,atorres@example.com,275-816-8194x40120,2022-07-21 00:00:00,2023-08-09 18:01:10.888725
19,Gary Tucker,christopher41@example.org,001-968-934-7318,2020-11-14 00:00:00,2023-08-09 18:01:10.888725
20,Gloria Moore,wlyons@example.org,(623)951-1787x0331,2023-04-11 00:00:00,2023-08-09 18:01:10.888725
21,Hannah Conley,csmith@example.net,(355)369-1067x582,2020-08-10 00:00:00,2023-08-09 18:01:10.888725
22,Heather Brown,martintheresa@example.org,961-293-2599x85873,2023-06-14 00:00:00,2023-08-09 18:01:10.888725
23,Heather Torres,eric00@example.org,001-597-557-1160x6053,2022-09-07 00:00:00,2023-08-09 18:01:10.888725
24,James Evans,patrickrivera@example.net,+1-965-593-7052x72940,2021-08-18 00:00:00,2023-08-09 18:01:10.888725
25,Jason Garner,karen16@example.net,+1-621-788-1365x284,2022-12-25 00:00:00,2023-08-09 18:01:10.888725
26,Jeff Sanchez,lvincent@example.org,784.468.5851x75857,2020-02-03 00:00:00,2023-08-09 18:01:10.888725
27,Jennifer Burnett,benjamin91@example.org,983.462.1082x8852,2023-02-23 00:00:00,2023-08-09 18:01:10.888725
28,Jesus Powell,deboraholsen@example.com,(903)397-6776,2020-05-04 00:00:00,2023-08-09 18:01:10.888725
29,John Anderson,olivercatherine@example.com,+1-739-342-4663x227,2021-05-27 00:00:00,2023-08-09 18:01:10.888725
30,John Miller,villarrealkelsey@example.net,309.200.0834x54406,2021-03-04 00:00:00,2023-08-09 18:01:10.888725
31,Jose Nielsen,katherineortiz@example.com,855-424-2769x38417,2023-06-12 00:00:00,2023-08-09 18:01:10.888725
32,Justin Galvan,kleinkeith@example.org,+1-645-714-0282x27645,2020-10-16 00:00:00,2023-08-09 18:01:10.888725
33,Kenneth King,mitchell51@example.com,(629)715-2376x25270,2021-05-11 00:00:00,2023-08-09 18:01:10.888725
34,Marcus Potter,pjacobson@example.com,001-232-834-1294x12877,2023-05-17 00:00:00,2023-08-09 18:01:10.888725
35,Mckenzie Wallace,jessicabrewer@example.org,401-491-3624x662,2022-09-21 00:00:00,2023-08-09 18:01:10.888725
36,Michael Smith,jennifer52@example.com,+1-605-408-1589,2023-02-25 00:00:00,2023-08-09 18:01:10.888725
37,Miranda Fuentes,blakeellen@example.org,534-500-4224,2023-07-02 00:00:00,2023-08-09 18:01:10.888725
38,Paul Rice,pattersonstephanie@example.com,001-907-890-0777,2022-03-10 00:00:00,2023-08-09 18:01:10.888725
39,Robert Brewer,lloydtravis@example.org,001-581-265-7000x87011,2022-07-18 00:00:00,2023-08-09 18:01:10.888725
40,Samantha Nguyen,rollinsjaclyn@example.com,944-317-8174x086,2022-12-16 00:00:00,2023-08-09 18:01:10.888725
41,Scott Simpson,caroline65@example.org,216.306.8060x938,2022-09-14 00:00:00,2023-08-09 18:01:10.888725
42,Stephen Jenkins,walkerpatrick@example.org,+1-308-326-1131,2021-12-07 00:00:00,2023-08-09 18:01:10.888725
43,Susan Copeland,michael85@example.org,+1-735-770-5941x4308,2021-03-30 00:00:00,2023-08-09 18:01:10.888725
44,Tanya Cobb,fdavis@example.org,(304)206-3402x164,2023-04-12 00:00:00,2023-08-09 18:01:10.888725
45,Teresa Mueller DVM,tmurray@example.net,854-280-1004x9231,2022-06-24 00:00:00,2023-08-09 18:01:10.888725
46,Thomas Vega PhD,tyler01@example.org,787.275.0556x339,2021-06-07 00:00:00,2023-08-09 18:01:10.888725
47,Tonya House,robert01@example.com,+1-773-785-3831x22255,2020-01-04 00:00:00,2023-08-09 18:01:10.888725
48,Tonya Mueller,annette31@example.org,001-439-220-4646x668,2021-10-05 00:00:00,2023-08-09 18:01:10.888725
49,Tyler Brown,georgelutz@example.org,+1-980-933-5943x3120,2020-06-07 00:00:00,2023-08-09 18:01:10.888725
50,Victor Long,hickstiffany@example.com,451-614-3384x34059,2022-10-12 00:00:00,2023-08-09 18:01:10.888725
